relative_path	old_sha256	candidate_sha256	status
game/technologies/Technologies.json	e9ed7da1449aeec38f902b749b3c991a60334cde38c529b9aca46d1a9b4c41c3	ff44cc3242ac0d42816d146589412c1fc182c5160dd676cd1c2cf8a8c4437428	changed
game/advantages/Advantages.json	29be99f048e448e5872e4da671fc1de85217690290c5c03ea433716d4322530d	a1f575edfa02a1ec2bc04b43a71989840ac36167f9803ecb3164a97503655f65	changed
game/buildings/Buildings.json	e8f063f09e4d3ac8337452c3383829d341c44ddeafdf2e76e492daeb9da84c64	23bb1a67906f82ca12ec24929530db186edafa894ddbe4c18036d9b73e9c14eb	changed
game/buildings/BuildingsResources.json	735bab3f61c60f656a3e918824d9c92e7d6509e4fb586b2361d91b804a4fb6a1	1cff7e766e7065001736402a982ffd35874c50e7a44980bd57298762167c6ae1	changed
game/laws/Laws.json	cfe0937b8963626aa901112e36c22f0a3e6bf6a7092dc0b4a6fee41c554c02a8	0d7bb8c668df06f10cde2a1e11ac85ae6ac055b3ea6f740989bf3db0b8e5165c	changed
game/resources/Resources.json	9c45f09c9f94728d35858e1b5659279e8176d6141e333cb20b2f484a2061b67d	d0dcc4c463e3506265c02ea4a27ba320338f135e2b28abf78f23a8f1198002e1	changed
game/units/AirAttacker.json	9b05c8d7abc4460809ed7862933f440f90621491e8c345dc07f6691fe17cb370	9b05c8d7abc4460809ed7862933f440f90621491e8c345dc07f6691fe17cb370	same-bytes
game/units/AirBomber.json	a33499124689125c1764457ac891dfbca5593466e0b66613466f3de18b411504	a33499124689125c1764457ac891dfbca5593466e0b66613466f3de18b411504	same-bytes
game/units/AirFighter.json	15d346dd9d355716038ef66842be36eb32cc350b0bc04ea3232cd998fbd79c75	15d346dd9d355716038ef66842be36eb32cc350b0bc04ea3232cd998fbd79c75	same-bytes
game/units/AirInterceptor.json	eb37f8cd4cb3a2fc89d3f873a875f157c5b77d34068db3e59db2bfa9d5614bb8	eb37f8cd4cb3a2fc89d3f873a875f157c5b77d34068db3e59db2bfa9d5614bb8	same-bytes
game/units/Archer.json	c7d1dd9557417952db84f5bef54a3e609d5320761ecd52294f97661af6e6e9a8	c4987fc514080d054a7f3a57c2ecc613cd141f51baed78e4d83d21ba875d42eb	changed
game/units/Canon.json	aa78265db2186a2e260bf2c7fc004f8ca7cbd0f35d2ca03fcd4e51a9ba85854f	28184ef27b002dfa744983df71e00b6cb7cc141f721488c313953cc20d011f41	changed
game/units/Cavalry.json	c68c6d4fb12eb6cacc6faed2e7a88c10f81c84217ab55e3987f437738739461c	a0d4c4e506c068a8082bcf5ee872684bfab6e0b981e7782094e0d64d70f74e76	changed
game/units/Fighter.json	1b9ca0e58a6b44aae5bedd68f7965083f95783fde87422f64b1a9e8baef58dc6	4e361e5a4f0ea670bc560dc5de0f84d16c070d5f730ab205137ca4caa20438ec	changed
game/units/Settler.json	75a020b546411b4b8d66c46c3bdc27977eed7c692621e6f19ce9498b26c094d0	75a020b546411b4b8d66c46c3bdc27977eed7c692621e6f19ce9498b26c094d0	same-bytes
game/units/Spearmen.json	33e6bcc278345db9496a3b1bf8684f24ddfd058400b490bbe14c197a0f533162	6608c4275c381d1a5c4ed31e39c66524f3908d2940970bfb334f6ecfc9db0882	changed
game/units/Warior.json	64c7e4371779e8f4a80d7cccf17f46b6fa23c6c6e1d2ecb479239b5e299fc95f	5f5bf5c5aa1e1f58a7bd4bcb93afba336c4add0882d005cc9a65ae5b89dc67d7	changed
