old_id	name	effect_key	raw_value
4	"""Monument"""	UnlocksAccessToTheSea	true,
11	"""Amphitheater"""	BattleWidth	2,
17	"""WarTactics"""	BattleWidth	2,
17	"""WarTactics"""	UnitsAttack	1,
17	"""WarTactics"""	MaxMorale	5,
17	"""WarTactics"""	Discipline	5,
19	"""Mine"""	BattleWidth	2,
25	"""WarTactics"""	MaximumLevelOfTheMilitaryAcademy	1,
25	"""WarTactics"""	MaxMorale	5,
25	"""WarTactics"""	Discipline	5,
31	"""WarTactics"""	MaximumLevelOfTheMilitaryAcademyForGenerals	1,
31	"""WarTactics"""	BattleWidth	2,
31	"""WarTactics"""	GeneralAttack	1,
32	"""TradeCenter"""	MaxMorale	5,
33	"""ArmoryWorkshop"""	UnitsAttack	1,
33	"""ArmoryWorkshop"""	BattleWidth	2,
34	"""ConstructionGuild"""	MaximumLevelOfCapitalCity	1,
34	"""ConstructionGuild"""	MaxMorale	5,
35	"""Castle"""	GeneralDefense	1,
35	"""Castle"""	UnitsDefense	1,
37	"""SelectiveService"""	MaximumLevelOfTheMilitaryAcademyForGenerals	1,
37	"""SelectiveService"""	Discipline	5,
39	"""WarTactics"""	BattleWidth	4,
39	"""WarTactics"""	UnitsAttack	1,
39	"""WarTactics"""	UnitsDefense	1,
41	"""Musketter"""	MaximumLevelOfTheMilitaryAcademy	1,
42	"""TaxOfficeHeadquarters"""	MaximumLevelOfCapitalCity	1,
43	"""GrandLibrary"""	Discipline	5,
45	"""ProfessionalVolunteerArmy"""	MaximumLevelOfTheMilitaryAcademyForGenerals	1,
48	"""LineInfantry"""	BattleWidth	2,
49	"""EliteCavalry"""	Discipline	5,
53	"""EliteGrenadier"""	MaximumLevelOfTheMilitaryAcademy	1,
56	"""HeavyCavalry"""	BattleWidth	2,
57	"""UniversalEducation"""	MaximumLevelOfTheMilitaryAcademyForGenerals	1,
57	"""UniversalEducation"""	Discipline	5,
61	"""Factory"""	Discipline	5,
62	"""VotingRights"""	MaxMorale	5,
64	"""CentralBankingSystem"""	MaximumLevelOfCapitalCity	1,
65	"""Hospital"""	MaximumLevelOfTheMilitaryAcademy	1,
66	"""MachineGunner"""	UnitsAttack	1,
96	"""WarTactics"""	BattleWidth	4,
96	"""WarTactics"""	UnitsAttack	2,
96	"""WarTactics"""	UnitsDefense	2,
