gen	country	type	model	file
3代	CN	战斗机	SU-27或J-11	中国三代战斗机SU-27或J-11.png
3代	CN	截击机	J-8	中国三代截击机J-8.png
3代	CN	攻击机	Q-5	中国三代攻击机Q-5.png
3代	CN	轰炸机	H-6	中国三代轰炸机H-6.png
3代	US	战斗机	F-14	美国三代战斗机F-14.png
3代	US	截击机	F-14	美国三代截击机F-14.png
3代	US	攻击机	A-10	美国三代攻击机A-10.png
3代	US	轰炸机	B-1	美国三代轰炸机B-1.png
3代	EU	战斗机	EF‑2000台风	欧洲三代战斗机EF‑2000台风.png
3代	EU	截击机	JAS‑39	欧洲三代截击机JAS‑39.png
3代	EU	攻击机	鹞式	欧洲三代攻击机鹞式.png
3代	EU	轰炸机	狂风	欧洲三代轰炸机狂风.png
3代	RU	战斗机	SU-27	俄罗斯三代战斗机SU-27.png
3代	RU	截击机	MIG-31	俄罗斯三代截击机MIG-31.png
3代	RU	攻击机	SU-25	俄罗斯三代攻击机SU-25.png
3代	RU	轰炸机	TU-160	俄罗斯三代轰炸机TU-160.png
4代	CN	战斗机	J-20	中国四代战斗机J-20.png
4代	CN	截击机	J-10	中国四代截击机J-10.png
4代	CN	攻击机	SU-27或J-11	中国四代攻击机SU-27或J-11.png
4代	CN	轰炸机	H-7	中国四代轰炸机H-7.png
4代	US	战斗机	F-22	美国四代战斗机F-22.png
4代	US	截击机	F-22	美国四代截击机F-22.png
4代	US	攻击机	F-35	美国四代攻击机F-35.png
4代	US	轰炸机	B-2	美国四代轰炸机B-2.png
4代	EU	战斗机	EF‑2000台风	欧洲四代战斗机EF‑2000台风.png
4代	EU	截击机	JAS-39	欧洲四代截击机JAS-39.png
4代	EU	攻击机	狂风	欧洲四代攻击机狂风.png
4代	EU	轰炸机	狂风	欧洲四代轰炸机狂风.png
4代	RU	战斗机	SU-57	俄罗斯四代战机SU-57.png
4代	RU	截击机	MIG-31	俄罗斯四代截击机MIG-31.png
4代	RU	攻击机	SU-34	俄罗斯四代攻击机SU-34.png
4代	RU	轰炸机	TU-160	俄罗斯四代轰炸机TU-160.png
5代	CN	战斗机	J-20	中国五代战斗机J-20.png
5代	CN	截击机	J-20	中国五代截击机J-20.png
5代	CN	攻击机	J-35	中国五代攻击机J-35.png
5代	CN	轰炸机	H-20	中国五代轰炸机H-20.png
5代	US	战斗机	F-22	美国五代战斗机F-22.png
5代	US	截击机	F-35	美国五代截击机F-35.png
5代	US	攻击机	X-32	美国五代攻击机X-32.png
5代	US	轰炸机	B-2	美国五代轰炸机B-2.png
5代	EU	战斗机	F-35	欧洲五代战斗机F-35.png
5代	EU	截击机	F-35	欧洲五代截击机F-35.png
5代	EU	攻击机	F-35	欧洲五代攻击机F-35.png
5代	EU	轰炸机	狂风	欧洲五代轰炸机狂风.png
5代	RU	战斗机	SU-57	俄罗斯五代战斗机SU-57.png
5代	RU	截击机	MIG-41	俄罗斯五代截击机MIG-41.png
5代	RU	攻击机	SU-57	俄罗斯五代攻击机SU-57.png
5代	RU	轰炸机	TU-170	俄罗斯五代轰炸机TU-170.png
6代	CN	战斗机	J-36	中国六代战斗机J-36.png
6代	CN	截击机	J-50	中国六代截击机J-50.png
6代	CN	攻击机	J-50	中国六代攻击机J-50.png
6代	CN	轰炸机	H-29	中国六代轰炸机H-29.png
6代	US	战斗机	F-47	美国六代战斗机F-47.png
6代	US	截击机	CFA‑44	美国六代截击机CFA‑44.png
6代	US	攻击机	X-32	美国六代攻击机X-32.png
6代	US	轰炸机	B-2	美国六代轰炸机B-2.png
6代	EU	战斗机	Tempest暴风雨	欧洲六代战斗机Tempest暴风雨.png
6代	EU	截击机	ASF‑X Shinden II	欧洲六代截击机ASF‑X Shinden II.png
6代	EU	攻击机	FCAS	欧洲六代攻击机FCAS.png
6代	EU	轰炸机	Tempest暴风雨	欧洲六代轰炸机Tempest暴风雨.png
6代	RU	战斗机	X-02S	俄罗斯六代战斗机X-02S.png
6代	RU	截击机	MIG-41	俄罗斯六代截击机MIG-41.png
6代	RU	攻击机	MIG-41	俄罗斯六代攻击机MIG-41.png
6代	RU	轰炸机	TU-202	俄罗斯六代轰炸机TU-202.png
