apk_path	sha256	bytes
assets/game/Governments.json	0a4a2fa33b6bb37972acb7aa71f1b5bd42eb66a3c4f307174466a5f3971eb2f2	18830
assets/game/advantages/Advantages.json	a1f575edfa02a1ec2bc04b43a71989840ac36167f9803ecb3164a97503655f65	9776
assets/game/buildings/Buildings.json	dbf0c26eecf6984fe0c903422572853bfc26c7a9eba10668039ddd48fb62368a	11958
assets/game/buildings/BuildingsResources.json	1cff7e766e7065001736402a982ffd35874c50e7a44980bd57298762167c6ae1	20012
assets/game/languages/Bundle.properties	7ab5ac008ac28d1d34a6aa2c9a77af44c124322f20b1ae355d62dd655b131868	154467
assets/game/languages/Bundle_cn_sp.properties	bc07b29d4e65ec60dd0f72a6c3a463432f568ad700a88daab9635eeeb8d05471	195713
assets/game/languages/Bundle_cn_tr.properties	de1c30117caa504bbda2797abd68eaf132c1a1740681afbeee9f868488d03e31	147658
assets/game/laws/Laws.json	0d7bb8c668df06f10cde2a1e11ac85ae6ac055b3ea6f740989bf3db0b8e5165c	3033
assets/game/resources/Resources.json	d0dcc4c463e3506265c02ea4a27ba320338f135e2b28abf78f23a8f1198002e1	9026
assets/game/technologies/Technologies.json	ff44cc3242ac0d42816d146589412c1fc182c5160dd676cd1c2cf8a8c4437428	7584
assets/game/units/Archer.json	c4987fc514080d054a7f3a57c2ecc613cd141f51baed78e4d83d21ba875d42eb	2934
assets/game/units/Canon.json	28184ef27b002dfa744983df71e00b6cb7cc141f721488c313953cc20d011f41	2893
assets/game/units/Cavalry.json	a0d4c4e506c068a8082bcf5ee872684bfab6e0b981e7782094e0d64d70f74e76	4399
assets/game/units/Fighter.json	4e361e5a4f0ea670bc560dc5de0f84d16c070d5f730ab205137ca4caa20438ec	1216
assets/game/units/Spearmen.json	6608c4275c381d1a5c4ed31e39c66524f3908d2940970bfb334f6ecfc9db0882	3264
assets/game/units/Warior.json	5f5bf5c5aa1e1f58a7bd4bcb93afba336c4add0882d005cc9a65ae5b89dc67d7	4150
assets/map/Earth3/Scenarios.txt	8f4dbe25dff9c7143bcdb00f08af934f306e40e2d0975c915fd46cec9f9fc0ee	54
assets/map/Earth3/scenarios/ModernWorld/Details.json	74a8b6dd7f2e44201461b229f9d0ff9097c2123c2755adbb39251321ee4cb1f9	433
assets/map/Earth3/scenarios/SouthAmerica/Details.json	26b18314f0ab2b9e1621451fe3708ec20b767796944b5c7a072f3197de55ca5f	432
assets/map/Earth3/scenarios/USA_States/Details.json	ab4e47d570d289bb45fa0e785332be5c21a0873000a80d855d531d6b914db1c6	408
assets/map/Earth3/scenarios/WW2/Data.json	6366c2aae38937ed9776aef207d2ffa934882dc34f7b246b9a7be0c44288958b	14097
assets/map/Earth3/scenarios/WW2/Details.json	8b0c92689bf80c0af9ed0a29148edcc0be4df9a95e7553f9afa18e080d93afc6	428
assets/map/Earth3/scenarios/brazil/Details.json	412cd5e3db315c738296c72bb3a6e45a12fd069c770f747e87f5aec8f49b555c	427
assets/map/Earth3/scenarios/qianxi/Details.json	7f386dba6e661806f679adc79d62fb30ee31b8c33c4e0af83eac43c7dfd2a527	176
