line_no	old_value	new_value	semantics
14	57	-1	changed
53	-1	-1	already-unlocked
92	52	-1	changed
131	63	-1	changed
170	63	-1	changed
209	57	-1	changed
248	57	-1	changed
287	-1	-1	already-unlocked
326	57	-1	changed
365	-1	-1	already-unlocked
404	-1	-1	already-unlocked
443	-1	-1	already-unlocked
484	-1	-1	already-unlocked
523	-1	-1	already-unlocked
566	63	-1	changed
605	23	-1	changed
645	-1	-1	already-unlocked
684	-1	-1	already-unlocked
723	-1	-1	already-unlocked
763	63	-1	changed
