path	field_ordinal	source_byte_offset_approx	old_values	candidate_values	reason	anchor_sha256
game/advantages/Advantages.json	1	63	51	0	root-fallback	ade1c0fdc8b0b2c07790333d313b37202a02797621a41ce10b024f90404b6c36
game/advantages/Advantages.json	2	213	28	0	root-fallback	61ece39b5d504a6427f2ba4270dfc0a274dd1d7903fc16f91d152494f7943116
game/advantages/Advantages.json	3	352	30	0	root-fallback	e7629e4261c10fe2bc555a3ec8bf6f6650d5930c7fa21f69e82717795d3b75cc
game/advantages/Advantages.json	4	487	4	0	root-fallback	54c29bb90a02c218e1a4a3347d5ca87c76ec4f7a72e51aa402b8ddb7a1346534
game/advantages/Advantages.json	5	620	36	0	root-fallback	e95f4cf919473619df4e46d50f05894e7b30bbeb359711440d88a50cea4d2c68
game/advantages/Advantages.json	6	765	24	0	root-fallback	2122e3c469aab44605f056d1af07f59b1fc8aa33651c2070c37db0bfd0d4a362
game/advantages/Advantages.json	7	913	25	0	root-fallback	6c942d6b73795f65debf79f73357bab0b20450e22e85e4bce3f64b444ea769f8
game/advantages/Advantages.json	8	1062	6	0	root-fallback	75cf0c70ef6a33ff5f3b5c8e7ea335abbf1bf3e5b5520329acd881e45b58f517
game/advantages/Advantages.json	9	1213	0	0	root-fallback	ec5a77a807f57e8d4a1798ea0c018363099d00c2b42feaa0020682bba2f75129
game/advantages/Advantages.json	10	1336	2	0	root-fallback	75f52480ec7122058288f28eab5c699ab1364598824e13ca4d88248d98349797
game/advantages/Advantages.json	11	1481	58	0	root-fallback	d3ddbaac9dd0ba93318d6c86ede5405030474a2a13136c404be7a1b18176ae22
game/advantages/Advantages.json	12	1616	64	0	root-fallback	66981f22bf0eeddfe5d86cdafafeda48aae3d3564ff5c752977e7104085b280e
game/advantages/Advantages.json	13	1760	47	0	root-fallback	1feb9ac4e0a88f7966a42b0b282d278e95286c1c06a3c17b34197ee37f821296
game/advantages/Advantages.json	14	1901	50	0	root-fallback	49b070edfe6e1f88fc3893f406a6b501e77b4e847af711629c9d8d1eb2588d2c
game/advantages/Advantages.json	15	2041	25	0	root-fallback	6c942d6b73795f65debf79f73357bab0b20450e22e85e4bce3f64b444ea769f8
game/advantages/Advantages.json	16	2175	7	0	root-fallback	1a7831be5736f506289a9b65f4d65bb0f95cf28e025b4ea71d245da0ca7e3e02
game/advantages/Advantages.json	17	2320	7	0	root-fallback	1a7831be5736f506289a9b65f4d65bb0f95cf28e025b4ea71d245da0ca7e3e02
game/advantages/Advantages.json	18	2456	62	0	root-fallback	f52afb3e5f9f2177f236f9e97fb2abae7ed15a5525f927ed20b755cc8ae6b4ef
game/advantages/Advantages.json	19	2584	22	0	root-fallback	53df5fcca1832c30548c1d3f651b9fea7d16fe6686444586bbdf3266afee6440
game/advantages/Advantages.json	20	2718	13	0	root-fallback	824421542a28787900357bd2742824272a79d41045475bd6f0659282b06e36f9
game/advantages/Advantages.json	21	2849	21	0	root-fallback	2ad85e528435294812e5c089b9f0c61044cbd6dc5d2f62dea089f3c07d8e43b8
game/advantages/Advantages.json	22	2989	33	0	root-fallback	8a7b5c080a9335e3f848e2cae22e1f6e32ceba98d9c7baff4fee4aac0904778d
game/advantages/Advantages.json	23	3126	11	0	root-fallback	56624eecf42962810a049295646af2827d406a371e749c862bcf4d2c9ff17d36
game/advantages/Advantages.json	24	3252	58	0	root-fallback	d3ddbaac9dd0ba93318d6c86ede5405030474a2a13136c404be7a1b18176ae22
game/advantages/Advantages.json	25	3383	72	6	keep	bad5df69bbe22e6fef0088edcba0e01e5d077fdc4056de03bfe731c4b2093f8a
game/advantages/Advantages.json	26	3516	66	0	root-fallback	e278aa0a43d23d93926ded3a0a1073653d56e6b49d53b91eea560fe1ab36f7a5
game/advantages/Advantages.json	27	3642	36	0	root-fallback	e95f4cf919473619df4e46d50f05894e7b30bbeb359711440d88a50cea4d2c68
game/advantages/Advantages.json	28	3782	77	11	keep	70ab0bc7940a37ea2d23a3c43bd6c9c4a3b5a25109ebcfe095501c81590b7d75
game/advantages/Advantages.json	29	3918	68	2	keep	f39aaafbce5edca291b15c292743cb09214c018080d4618163bcdf88376e1e44
game/advantages/Advantages.json	30	4059	58	0	root-fallback	d3ddbaac9dd0ba93318d6c86ede5405030474a2a13136c404be7a1b18176ae22
game/advantages/Advantages.json	31	4206	58	0	root-fallback	d3ddbaac9dd0ba93318d6c86ede5405030474a2a13136c404be7a1b18176ae22
game/advantages/Advantages.json	32	4359	54	0	root-fallback	55fd06605dd5667433c9003abbaa5d3598a1341392923c37a6b1699255a865c1
game/advantages/Advantages.json	33	4514	46	0	root-fallback	98f95e36556674d3c02dbb9379e72c48acf986e7738760736008f2e8fa17008f
game/advantages/Advantages.json	34	4644	39	0	root-fallback	b26c8a2195f56779a18621d48673b19eff2cb8ab64af7d503e5db7561f2d1669
game/advantages/Advantages.json	35	4775	27	0	root-fallback	1bdcf66ffb1b98594b255dbbf7c7b95e5ec244304db8240f47450fe283cdebcb
game/advantages/Advantages.json	36	4903	39	0	root-fallback	b26c8a2195f56779a18621d48673b19eff2cb8ab64af7d503e5db7561f2d1669
game/advantages/Advantages.json	37	5032	15	0	root-fallback	48fd938e0593936c3c24845fa6f631e93c857d86016b8d50c9de09900ae71cc5
game/advantages/Advantages.json	38	5175	0	0	root-fallback	ec5a77a807f57e8d4a1798ea0c018363099d00c2b42feaa0020682bba2f75129
game/advantages/Advantages.json	39	5318	16	0	root-fallback	5364e44ac538b67092c4c1aeef908bf3b7bc3476ee9d8e2a03c7737fad24ac81
game/advantages/Advantages.json	40	5457	15	0	root-fallback	48fd938e0593936c3c24845fa6f631e93c857d86016b8d50c9de09900ae71cc5
game/advantages/Advantages.json	41	5593	31	0	root-fallback	5b40fff7e432dcf8929df6923329c6fecd24950a5ba616cc0a480837187437b6
game/advantages/Advantages.json	42	5725	38	0	root-fallback	611628e48980b3db3f08a736fa5c8351ee3b00f7bb3878613e63d90efd59559c
game/advantages/Advantages.json	43	5861	38	0	root-fallback	611628e48980b3db3f08a736fa5c8351ee3b00f7bb3878613e63d90efd59559c
game/advantages/Advantages.json	44	6003	81	15	keep	275e20d70f70d856d1ba446c6064ccada1174e75cb86749f5da6180c49cd0f5c
game/advantages/Advantages.json	45	6142	50	0	root-fallback	49b070edfe6e1f88fc3893f406a6b501e77b4e847af711629c9d8d1eb2588d2c
game/advantages/Advantages.json	46	6290	53	0	root-fallback	ab864d48eeeb8c976ec790a685394891525c294126ef35bbece6a96db35de030
game/advantages/Advantages.json	47	6439	35	0	root-fallback	3b79b5da84c7dad564151f2885a10dcb5b545aa0a63bf6d7d036e23430c97948
game/advantages/Advantages.json	48	6566	22	0	root-fallback	53df5fcca1832c30548c1d3f651b9fea7d16fe6686444586bbdf3266afee6440
game/advantages/Advantages.json	49	6695	26	0	root-fallback	2123dbafa371b95977369606f1ea349ecc966f13afaea88163b5dc212d13f6b6
game/advantages/Advantages.json	50	6828	0	0	root-fallback	ec5a77a807f57e8d4a1798ea0c018363099d00c2b42feaa0020682bba2f75129
game/advantages/Advantages.json	51	6987	0	0	root-fallback	ec5a77a807f57e8d4a1798ea0c018363099d00c2b42feaa0020682bba2f75129
game/advantages/Advantages.json	52	7135	43	0	root-fallback	6e5c9534b7bc851114f7ca9938366a00976e1ef82640accbbddad921dedf4183
game/advantages/Advantages.json	53	7281	35	0	root-fallback	3b79b5da84c7dad564151f2885a10dcb5b545aa0a63bf6d7d036e23430c97948
game/advantages/Advantages.json	54	7423	50	0	root-fallback	49b070edfe6e1f88fc3893f406a6b501e77b4e847af711629c9d8d1eb2588d2c
game/advantages/Advantages.json	55	7565	67	1	keep	b473988742c31b029675fbcc6a485061a5d1ba14abb79b99b2b9740c32ffb08f
game/advantages/Advantages.json	56	7708	34	0	root-fallback	96dc06232313f06b0f1aa143d7282c8f8f7ff56acf6409f499e000ae1fc390f8
game/advantages/Advantages.json	57	7848	29	0	root-fallback	efc4abb4a228e30ae67bea1f90f7c7bc7ed37eaca44a87daf577e00ccfc34f0a
game/advantages/Advantages.json	58	7988	11	0	root-fallback	56624eecf42962810a049295646af2827d406a371e749c862bcf4d2c9ff17d36
game/advantages/Advantages.json	59	8116	14	0	root-fallback	2b8eae057eddeac64545669b386339aaadb1bdf609477647232fe6720f940d45
game/advantages/Advantages.json	60	8254	7	0	root-fallback	1a7831be5736f506289a9b65f4d65bb0f95cf28e025b4ea71d245da0ca7e3e02
game/advantages/Advantages.json	61	8412	10	0	root-fallback	1e96eee8a8fe50af379d29c925262135501da9685e32967d6415e054f8dac8d0
game/advantages/Advantages.json	62	8568	1	0	root-fallback	b2125617fcb221d86e58e166633952c306a296b0371b94c8bdca310d4274f5e2
game/advantages/Advantages.json	63	8696	41	0	root-fallback	2e051cb57a2a09df19244be7e0bc415127802deee068098e4761d8a7b4c29b16
game/advantages/Advantages.json	64	8840	12	0	root-fallback	8cba8583d20ae1926bd1c027c4f91013bd014afc8622f36f9d93f5b9808c5587
game/advantages/Advantages.json	65	8973	0	0	root-fallback	ec5a77a807f57e8d4a1798ea0c018363099d00c2b42feaa0020682bba2f75129
game/buildings/Buildings.json	1	238	2	0	root-fallback	d97273b754e493e2414b5712d92c096bb909821937253faac7af8f41037f32cc
game/buildings/Buildings.json	2	523	3	0	root-fallback	72368e0142e91c1a66fa0eac668384d4f66a99a527ad0dea479d201d2b292d64
game/buildings/Buildings.json	3	848	4	0	root-fallback	895b18fa88889a3c80e604a16a0c927c4c305fd24cc8f7ecdacf521eb5fe0f6d
game/buildings/Buildings.json	4	1134	4	0	root-fallback	895b18fa88889a3c80e604a16a0c927c4c305fd24cc8f7ecdacf521eb5fe0f6d
game/buildings/Buildings.json	5	1422	8	0	root-fallback	f22ef1e2cf0db88acc50dfa7028106a6b1a501ee44c92643a5b96b3724949224
game/buildings/Buildings.json	6	1711	8	0	root-fallback	f22ef1e2cf0db88acc50dfa7028106a6b1a501ee44c92643a5b96b3724949224
game/buildings/Buildings.json	7	1998	4	0	root-fallback	895b18fa88889a3c80e604a16a0c927c4c305fd24cc8f7ecdacf521eb5fe0f6d
game/buildings/Buildings.json	8	2240	1	0	root-fallback	37263d479e9d51c4e53dfc3ec248527a7be803758dbcb687ec4c7f7f92ef5705
game/buildings/Buildings.json	9	2579	4,1,1	0,0,0	root-fallback;root-fallback;root-fallback	ae8ae469693eff1f648f26d9b66b0e4ba2cced6d017831e9cc25a5ed3cdb7f6b
game/buildings/Buildings.json	10	2836	5	0	root-fallback	512e028fcf0c6f83a729b41575ac64793611fe589b0f9c6c55665f66c73c6466
game/buildings/Buildings.json	11	3185	0,2,3,5	0,0,0,0	root-fallback;root-fallback;root-fallback;root-fallback	816bfbf49c0306ec50d81137df065058b29bbbe42263fc66202ce8c81c6367c9
game/buildings/Buildings.json	12	3525	6,2	0,0	root-fallback;root-fallback	6683c3e2ddff13a9bf111ebedc5fa64ac83be91bf2a9e66ea8c4a7d8f8ee566d
game/buildings/Buildings.json	13	3870	1,3	0,0	root-fallback;root-fallback	9abbb6120082e150e8be4c566f1689cd7dc4d65f9e4f71b523879673db305f18
game/buildings/Buildings.json	14	4153	5	0	root-fallback	512e028fcf0c6f83a729b41575ac64793611fe589b0f9c6c55665f66c73c6466
game/buildings/Buildings.json	15	4414	7	0	root-fallback	c3854ad115e4e2629e565e04bf1c324bcee478dd2ae09b26be1fe73cb6e7a29c
game/buildings/Buildings.json	16	4781	8,2,3	0,0,0	root-fallback;root-fallback;root-fallback	60cd90842a736322f541fc1167347f8dbc19094aecb155eaff3edb622d31abaf
game/buildings/Buildings.json	17	5168	3,6,9	0,0,0	root-fallback;root-fallback;root-fallback	8f401258cdbbe8a860ce0c95d1adbc463a387b8d866848672b298ca9efe5daec
game/buildings/Buildings.json	18	5541	6,3	0,0	root-fallback;root-fallback	5ebf5f6b896d4a3b91f6c3fab872e102f799437f1ab562220b3a351559a3724c
game/buildings/Buildings.json	19	5874	5	0	root-fallback	512e028fcf0c6f83a729b41575ac64793611fe589b0f9c6c55665f66c73c6466
game/buildings/Buildings.json	20	6148	6	0	root-fallback	29d5282b1628ff72f4aad137063d50dc4611899e5ebd843e5b02b3b6575a1af2
game/buildings/Buildings.json	21	6462	1	0	root-fallback	37263d479e9d51c4e53dfc3ec248527a7be803758dbcb687ec4c7f7f92ef5705
game/buildings/Buildings.json	22	6763	6	0	root-fallback	29d5282b1628ff72f4aad137063d50dc4611899e5ebd843e5b02b3b6575a1af2
game/buildings/Buildings.json	23	7060	0,2	0,0	root-fallback;root-fallback	8868b6cc41c1e1bb43cea681a57eeca9ee1e2e4a859617ded307b096000f1cec
game/buildings/Buildings.json	24	7332	3	0	root-fallback	72368e0142e91c1a66fa0eac668384d4f66a99a527ad0dea479d201d2b292d64
game/buildings/Buildings.json	25	7604	8	0	root-fallback	f22ef1e2cf0db88acc50dfa7028106a6b1a501ee44c92643a5b96b3724949224
game/buildings/Buildings.json	26	7934	4,2	0,0	root-fallback;root-fallback	b41034919ddae39fafdc61711639854a8496f1640f7a65787c6630d26425e2a5
game/buildings/Buildings.json	27	8379	8,3,1,8	0,0,0,0	root-fallback;root-fallback;root-fallback;root-fallback	7d99520e4cbab2cddcdbb71df88dac7a8abf2e7fe7fbf86ad8228b6c2fc8006d
game/buildings/Buildings.json	28	8683	2	0	root-fallback	d97273b754e493e2414b5712d92c096bb909821937253faac7af8f41037f32cc
game/buildings/Buildings.json	29	8944	1	0	root-fallback	37263d479e9d51c4e53dfc3ec248527a7be803758dbcb687ec4c7f7f92ef5705
game/buildings/Buildings.json	30	9315	3	0	root-fallback	72368e0142e91c1a66fa0eac668384d4f66a99a527ad0dea479d201d2b292d64
game/buildings/Buildings.json	31	9672	6	0	root-fallback	29d5282b1628ff72f4aad137063d50dc4611899e5ebd843e5b02b3b6575a1af2
game/buildings/Buildings.json	32	9971	5	0	root-fallback	512e028fcf0c6f83a729b41575ac64793611fe589b0f9c6c55665f66c73c6466
game/buildings/Buildings.json	33	10236	8	0	root-fallback	f22ef1e2cf0db88acc50dfa7028106a6b1a501ee44c92643a5b96b3724949224
game/buildings/Buildings.json	34	10637	5	0	root-fallback	512e028fcf0c6f83a729b41575ac64793611fe589b0f9c6c55665f66c73c6466
game/buildings/Buildings.json	35	10987	5	0	root-fallback	512e028fcf0c6f83a729b41575ac64793611fe589b0f9c6c55665f66c73c6466
game/buildings/Buildings.json	36	11251	5	0	root-fallback	512e028fcf0c6f83a729b41575ac64793611fe589b0f9c6c55665f66c73c6466
game/buildings/Buildings.json	37	11518	6	0	root-fallback	29d5282b1628ff72f4aad137063d50dc4611899e5ebd843e5b02b3b6575a1af2
game/buildings/Buildings.json	38	11788	6	0	root-fallback	29d5282b1628ff72f4aad137063d50dc4611899e5ebd843e5b02b3b6575a1af2
game/buildings/BuildingsResources.json	1	330	4	0	root-fallback	895b18fa88889a3c80e604a16a0c927c4c305fd24cc8f7ecdacf521eb5fe0f6d
game/buildings/BuildingsResources.json	2	717	4	0	root-fallback	895b18fa88889a3c80e604a16a0c927c4c305fd24cc8f7ecdacf521eb5fe0f6d
game/buildings/BuildingsResources.json	3	1105	3	0	root-fallback	72368e0142e91c1a66fa0eac668384d4f66a99a527ad0dea479d201d2b292d64
game/buildings/BuildingsResources.json	4	1513	12	0	root-fallback	54ffffee9f45f2f7c01756952de59f0280fe6277fd244d769b5a9be70008f560
game/buildings/BuildingsResources.json	5	1901	4	0	root-fallback	895b18fa88889a3c80e604a16a0c927c4c305fd24cc8f7ecdacf521eb5fe0f6d
game/buildings/BuildingsResources.json	6	2323	3	0	root-fallback	72368e0142e91c1a66fa0eac668384d4f66a99a527ad0dea479d201d2b292d64
game/buildings/BuildingsResources.json	7	2682	5	0	root-fallback	512e028fcf0c6f83a729b41575ac64793611fe589b0f9c6c55665f66c73c6466
game/buildings/BuildingsResources.json	8	3098	4	0	root-fallback	895b18fa88889a3c80e604a16a0c927c4c305fd24cc8f7ecdacf521eb5fe0f6d
game/buildings/BuildingsResources.json	9	3487	3	0	root-fallback	72368e0142e91c1a66fa0eac668384d4f66a99a527ad0dea479d201d2b292d64
game/buildings/BuildingsResources.json	10	3871	1	0	root-fallback	37263d479e9d51c4e53dfc3ec248527a7be803758dbcb687ec4c7f7f92ef5705
game/buildings/BuildingsResources.json	11	4261	3	0	root-fallback	72368e0142e91c1a66fa0eac668384d4f66a99a527ad0dea479d201d2b292d64
game/buildings/BuildingsResources.json	12	4651	8	0	root-fallback	f22ef1e2cf0db88acc50dfa7028106a6b1a501ee44c92643a5b96b3724949224
game/buildings/BuildingsResources.json	13	5034	9	0	root-fallback	6bec365e0c517bc5e92bb5aca8d79316bb111f54b6c85225ecfc3c4eb7ad4d44
game/buildings/BuildingsResources.json	14	5427	1	0	root-fallback	37263d479e9d51c4e53dfc3ec248527a7be803758dbcb687ec4c7f7f92ef5705
game/buildings/BuildingsResources.json	15	5848	7	0	root-fallback	c3854ad115e4e2629e565e04bf1c324bcee478dd2ae09b26be1fe73cb6e7a29c
game/buildings/BuildingsResources.json	16	6240	7	0	root-fallback	c3854ad115e4e2629e565e04bf1c324bcee478dd2ae09b26be1fe73cb6e7a29c
game/buildings/BuildingsResources.json	17	6631	6	0	root-fallback	29d5282b1628ff72f4aad137063d50dc4611899e5ebd843e5b02b3b6575a1af2
game/buildings/BuildingsResources.json	18	7023	2	0	root-fallback	d97273b754e493e2414b5712d92c096bb909821937253faac7af8f41037f32cc
game/buildings/BuildingsResources.json	19	7416	9	0	root-fallback	6bec365e0c517bc5e92bb5aca8d79316bb111f54b6c85225ecfc3c4eb7ad4d44
game/buildings/BuildingsResources.json	20	7776	9	0	root-fallback	6bec365e0c517bc5e92bb5aca8d79316bb111f54b6c85225ecfc3c4eb7ad4d44
game/buildings/BuildingsResources.json	21	8130	1	0	root-fallback	37263d479e9d51c4e53dfc3ec248527a7be803758dbcb687ec4c7f7f92ef5705
game/buildings/BuildingsResources.json	22	8482	1	0	root-fallback	37263d479e9d51c4e53dfc3ec248527a7be803758dbcb687ec4c7f7f92ef5705
game/buildings/BuildingsResources.json	23	8833	1	0	root-fallback	37263d479e9d51c4e53dfc3ec248527a7be803758dbcb687ec4c7f7f92ef5705
game/buildings/BuildingsResources.json	24	9223	4	0	root-fallback	895b18fa88889a3c80e604a16a0c927c4c305fd24cc8f7ecdacf521eb5fe0f6d
game/buildings/BuildingsResources.json	25	9604	2	0	root-fallback	d97273b754e493e2414b5712d92c096bb909821937253faac7af8f41037f32cc
game/buildings/BuildingsResources.json	26	9958	7	0	root-fallback	c3854ad115e4e2629e565e04bf1c324bcee478dd2ae09b26be1fe73cb6e7a29c
game/buildings/BuildingsResources.json	27	10306	0	0	root-fallback	62fdda6786d148c3570d0d51668d2229fadd11c22a1e495009fce765fc3df5f6
game/buildings/BuildingsResources.json	28	10660	5	0	root-fallback	512e028fcf0c6f83a729b41575ac64793611fe589b0f9c6c55665f66c73c6466
game/buildings/BuildingsResources.json	29	11043	4	0	root-fallback	895b18fa88889a3c80e604a16a0c927c4c305fd24cc8f7ecdacf521eb5fe0f6d
game/buildings/BuildingsResources.json	30	11444	8	0	root-fallback	f22ef1e2cf0db88acc50dfa7028106a6b1a501ee44c92643a5b96b3724949224
game/buildings/BuildingsResources.json	31	11838	2	0	root-fallback	d97273b754e493e2414b5712d92c096bb909821937253faac7af8f41037f32cc
game/buildings/BuildingsResources.json	32	12257	6	0	root-fallback	29d5282b1628ff72f4aad137063d50dc4611899e5ebd843e5b02b3b6575a1af2
game/buildings/BuildingsResources.json	33	12644	9	0	root-fallback	6bec365e0c517bc5e92bb5aca8d79316bb111f54b6c85225ecfc3c4eb7ad4d44
game/buildings/BuildingsResources.json	34	13100	2	0	root-fallback	d97273b754e493e2414b5712d92c096bb909821937253faac7af8f41037f32cc
game/buildings/BuildingsResources.json	35	13491	2	0	root-fallback	d97273b754e493e2414b5712d92c096bb909821937253faac7af8f41037f32cc
game/buildings/BuildingsResources.json	36	13847	6	0	root-fallback	29d5282b1628ff72f4aad137063d50dc4611899e5ebd843e5b02b3b6575a1af2
game/buildings/BuildingsResources.json	37	14234	0	0	root-fallback	62fdda6786d148c3570d0d51668d2229fadd11c22a1e495009fce765fc3df5f6
game/buildings/BuildingsResources.json	38	14640	4	0	root-fallback	895b18fa88889a3c80e604a16a0c927c4c305fd24cc8f7ecdacf521eb5fe0f6d
game/buildings/BuildingsResources.json	39	15041	4	0	root-fallback	895b18fa88889a3c80e604a16a0c927c4c305fd24cc8f7ecdacf521eb5fe0f6d
game/buildings/BuildingsResources.json	40	15454	5	0	root-fallback	512e028fcf0c6f83a729b41575ac64793611fe589b0f9c6c55665f66c73c6466
game/buildings/BuildingsResources.json	41	15814	4	0	root-fallback	895b18fa88889a3c80e604a16a0c927c4c305fd24cc8f7ecdacf521eb5fe0f6d
game/buildings/BuildingsResources.json	42	16174	4	0	root-fallback	895b18fa88889a3c80e604a16a0c927c4c305fd24cc8f7ecdacf521eb5fe0f6d
game/buildings/BuildingsResources.json	43	16562	2	0	root-fallback	d97273b754e493e2414b5712d92c096bb909821937253faac7af8f41037f32cc
game/buildings/BuildingsResources.json	44	16919	9	0	root-fallback	6bec365e0c517bc5e92bb5aca8d79316bb111f54b6c85225ecfc3c4eb7ad4d44
game/buildings/BuildingsResources.json	45	17304	9	0	root-fallback	6bec365e0c517bc5e92bb5aca8d79316bb111f54b6c85225ecfc3c4eb7ad4d44
game/buildings/BuildingsResources.json	46	17654	3	0	root-fallback	72368e0142e91c1a66fa0eac668384d4f66a99a527ad0dea479d201d2b292d64
game/buildings/BuildingsResources.json	47	18004	4	0	root-fallback	895b18fa88889a3c80e604a16a0c927c4c305fd24cc8f7ecdacf521eb5fe0f6d
game/buildings/BuildingsResources.json	48	18381	4	0	root-fallback	895b18fa88889a3c80e604a16a0c927c4c305fd24cc8f7ecdacf521eb5fe0f6d
game/buildings/BuildingsResources.json	49	18768	4	0	root-fallback	895b18fa88889a3c80e604a16a0c927c4c305fd24cc8f7ecdacf521eb5fe0f6d
game/laws/Laws.json	1	187	-1,34,52,58,80	-1,0,0,0,14	unlocked;root-fallback;root-fallback;root-fallback;keep	f466afaad63e176fb5dcf6e54565b67f9cae013d9d2d8ef831e3e475f6397134
game/laws/Laws.json	2	512	-1,10,51,64,86	-1,0,0,0,20	unlocked;root-fallback;root-fallback;root-fallback;keep	14393b2cd122b9706cf838a6d84723334668b547e31539b4f7f22e1a24692043
game/laws/Laws.json	3	964	-1,44,54,61,89	-1,0,0,0,23	unlocked;root-fallback;root-fallback;root-fallback;keep	1086e299c02a6c0bac460808fa6e284d61308386cbe84af9b9726dc569d8d5cc
game/laws/Laws.json	4	1334	-1,15,43,57,86	-1,0,0,0,20	unlocked;root-fallback;root-fallback;root-fallback;keep	fa7aa18a154a81948ac09f3b9cfa95d21cc8e34487ee14f6862cda36245ca89c
game/laws/Laws.json	5	1697	-1,31,37,45,59	-1,0,0,0,0	unlocked;root-fallback;root-fallback;root-fallback;root-fallback	edd87b28b867a6560555a3d165761710352635c707bfc7410a5ca9bdcee7d699
game/laws/Laws.json	6	2165	-1,26,52,65,77	-1,0,0,0,11	unlocked;root-fallback;root-fallback;root-fallback;keep	654ae942cb3671c1b15ec6ccc5b48332552e805740eea50167d376c3970279da
game/laws/Laws.json	7	2568	-1,27	-1,0	unlocked;root-fallback	b190202b266b1a90f7a8d1cb6404366f35c0bde53714ea1278eb69eda21d8e3d
game/laws/Laws.json	8	2799	-1,51,62,65	-1,0,0,0	unlocked;root-fallback;root-fallback;root-fallback	b5e165f508207a65ae3bb9e9ee9dc5b4cb1b99c4863753a056629932ca183a90
game/resources/Resources.json	1	155	-1	-1	unlocked	85833e877771e788c891f7c2e7a050333ba58ac80cdc439c740e2b031cc6b3e2
game/resources/Resources.json	2	321	-1	-1	unlocked	85833e877771e788c891f7c2e7a050333ba58ac80cdc439c740e2b031cc6b3e2
game/resources/Resources.json	3	492	-1	-1	unlocked	85833e877771e788c891f7c2e7a050333ba58ac80cdc439c740e2b031cc6b3e2
game/resources/Resources.json	4	668	-1	-1	unlocked	85833e877771e788c891f7c2e7a050333ba58ac80cdc439c740e2b031cc6b3e2
game/resources/Resources.json	5	830	-1	-1	unlocked	85833e877771e788c891f7c2e7a050333ba58ac80cdc439c740e2b031cc6b3e2
game/resources/Resources.json	6	995	-1	-1	unlocked	85833e877771e788c891f7c2e7a050333ba58ac80cdc439c740e2b031cc6b3e2
game/resources/Resources.json	7	1160	-1	-1	unlocked	85833e877771e788c891f7c2e7a050333ba58ac80cdc439c740e2b031cc6b3e2
game/resources/Resources.json	8	1321	-1	-1	unlocked	85833e877771e788c891f7c2e7a050333ba58ac80cdc439c740e2b031cc6b3e2
game/resources/Resources.json	9	1490	-1	-1	unlocked	85833e877771e788c891f7c2e7a050333ba58ac80cdc439c740e2b031cc6b3e2
game/resources/Resources.json	10	1649	-1	-1	unlocked	85833e877771e788c891f7c2e7a050333ba58ac80cdc439c740e2b031cc6b3e2
game/resources/Resources.json	11	1812	-1	-1	unlocked	85833e877771e788c891f7c2e7a050333ba58ac80cdc439c740e2b031cc6b3e2
game/resources/Resources.json	12	1977	-1	-1	unlocked	85833e877771e788c891f7c2e7a050333ba58ac80cdc439c740e2b031cc6b3e2
game/resources/Resources.json	13	2141	-1	-1	unlocked	85833e877771e788c891f7c2e7a050333ba58ac80cdc439c740e2b031cc6b3e2
game/resources/Resources.json	14	2313	-1	-1	unlocked	85833e877771e788c891f7c2e7a050333ba58ac80cdc439c740e2b031cc6b3e2
game/resources/Resources.json	15	2485	-1	-1	unlocked	85833e877771e788c891f7c2e7a050333ba58ac80cdc439c740e2b031cc6b3e2
game/resources/Resources.json	16	2660	-1	-1	unlocked	85833e877771e788c891f7c2e7a050333ba58ac80cdc439c740e2b031cc6b3e2
game/resources/Resources.json	17	2834	-1	-1	unlocked	85833e877771e788c891f7c2e7a050333ba58ac80cdc439c740e2b031cc6b3e2
game/resources/Resources.json	18	3002	-1	-1	unlocked	85833e877771e788c891f7c2e7a050333ba58ac80cdc439c740e2b031cc6b3e2
game/resources/Resources.json	19	3181	-1	-1	unlocked	85833e877771e788c891f7c2e7a050333ba58ac80cdc439c740e2b031cc6b3e2
game/resources/Resources.json	20	3350	-1	-1	unlocked	85833e877771e788c891f7c2e7a050333ba58ac80cdc439c740e2b031cc6b3e2
game/resources/Resources.json	21	3528	-1	-1	unlocked	85833e877771e788c891f7c2e7a050333ba58ac80cdc439c740e2b031cc6b3e2
game/resources/Resources.json	22	3697	-1	-1	unlocked	85833e877771e788c891f7c2e7a050333ba58ac80cdc439c740e2b031cc6b3e2
game/resources/Resources.json	23	3863	-1	-1	unlocked	85833e877771e788c891f7c2e7a050333ba58ac80cdc439c740e2b031cc6b3e2
game/resources/Resources.json	24	4035	-1	-1	unlocked	85833e877771e788c891f7c2e7a050333ba58ac80cdc439c740e2b031cc6b3e2
game/resources/Resources.json	25	4205	-1	-1	unlocked	85833e877771e788c891f7c2e7a050333ba58ac80cdc439c740e2b031cc6b3e2
game/resources/Resources.json	26	4382	75	9	keep	89f4d98d049be79b119b3d4c017d0ae6e6b8d2378d3a7589f0b419ca58d1ebd4
game/resources/Resources.json	27	4548	60	0	root-fallback	636c8acdf10877ab642006fdff7f9256faaf6508e16ce4fa141ae3c23e95a9fb
game/resources/Resources.json	28	4723	75	9	keep	89f4d98d049be79b119b3d4c017d0ae6e6b8d2378d3a7589f0b419ca58d1ebd4
game/resources/Resources.json	29	4893	-1	-1	unlocked	85833e877771e788c891f7c2e7a050333ba58ac80cdc439c740e2b031cc6b3e2
game/resources/Resources.json	30	5073	-1	-1	unlocked	85833e877771e788c891f7c2e7a050333ba58ac80cdc439c740e2b031cc6b3e2
game/resources/Resources.json	31	5245	-1	-1	unlocked	85833e877771e788c891f7c2e7a050333ba58ac80cdc439c740e2b031cc6b3e2
game/resources/Resources.json	32	5424	-1	-1	unlocked	85833e877771e788c891f7c2e7a050333ba58ac80cdc439c740e2b031cc6b3e2
game/resources/Resources.json	33	5614	-1	-1	unlocked	85833e877771e788c891f7c2e7a050333ba58ac80cdc439c740e2b031cc6b3e2
game/resources/Resources.json	34	5782	-1	-1	unlocked	85833e877771e788c891f7c2e7a050333ba58ac80cdc439c740e2b031cc6b3e2
game/resources/Resources.json	35	5951	-1	-1	unlocked	85833e877771e788c891f7c2e7a050333ba58ac80cdc439c740e2b031cc6b3e2
game/resources/Resources.json	36	6130	60	0	root-fallback	636c8acdf10877ab642006fdff7f9256faaf6508e16ce4fa141ae3c23e95a9fb
game/resources/Resources.json	37	6303	60	0	root-fallback	636c8acdf10877ab642006fdff7f9256faaf6508e16ce4fa141ae3c23e95a9fb
game/resources/Resources.json	38	6470	-1	-1	unlocked	85833e877771e788c891f7c2e7a050333ba58ac80cdc439c740e2b031cc6b3e2
game/resources/Resources.json	39	6637	-1	-1	unlocked	85833e877771e788c891f7c2e7a050333ba58ac80cdc439c740e2b031cc6b3e2
game/resources/Resources.json	40	6807	-1	-1	unlocked	85833e877771e788c891f7c2e7a050333ba58ac80cdc439c740e2b031cc6b3e2
game/resources/Resources.json	41	6979	-1	-1	unlocked	85833e877771e788c891f7c2e7a050333ba58ac80cdc439c740e2b031cc6b3e2
game/resources/Resources.json	42	7152	-1	-1	unlocked	85833e877771e788c891f7c2e7a050333ba58ac80cdc439c740e2b031cc6b3e2
game/resources/Resources.json	43	7320	-1	-1	unlocked	85833e877771e788c891f7c2e7a050333ba58ac80cdc439c740e2b031cc6b3e2
game/resources/Resources.json	44	7488	-1	-1	unlocked	85833e877771e788c891f7c2e7a050333ba58ac80cdc439c740e2b031cc6b3e2
game/resources/Resources.json	45	7652	-1	-1	unlocked	85833e877771e788c891f7c2e7a050333ba58ac80cdc439c740e2b031cc6b3e2
game/resources/Resources.json	46	7828	-1	-1	unlocked	85833e877771e788c891f7c2e7a050333ba58ac80cdc439c740e2b031cc6b3e2
game/resources/Resources.json	47	7989	-1	-1	unlocked	85833e877771e788c891f7c2e7a050333ba58ac80cdc439c740e2b031cc6b3e2
game/resources/Resources.json	48	8150	-1	-1	unlocked	85833e877771e788c891f7c2e7a050333ba58ac80cdc439c740e2b031cc6b3e2
game/resources/Resources.json	49	8324	-1	-1	unlocked	85833e877771e788c891f7c2e7a050333ba58ac80cdc439c740e2b031cc6b3e2
game/units/AirAttacker.json	1	170	0	0	root-fallback	ec5a77a807f57e8d4a1798ea0c018363099d00c2b42feaa0020682bba2f75129
game/units/AirBomber.json	1	168	0	0	root-fallback	ec5a77a807f57e8d4a1798ea0c018363099d00c2b42feaa0020682bba2f75129
game/units/AirFighter.json	1	169	0	0	root-fallback	ec5a77a807f57e8d4a1798ea0c018363099d00c2b42feaa0020682bba2f75129
game/units/AirInterceptor.json	1	173	0	0	root-fallback	ec5a77a807f57e8d4a1798ea0c018363099d00c2b42feaa0020682bba2f75129
game/units/Archer.json	1	179	-1	-1	unlocked	85833e877771e788c891f7c2e7a050333ba58ac80cdc439c740e2b031cc6b3e2
game/units/Archer.json	2	445	1	0	root-fallback	b2125617fcb221d86e58e166633952c306a296b0371b94c8bdca310d4274f5e2
game/units/Archer.json	3	709	9	0	root-fallback	beaf9f46ef1ba68280fe08dad57f27e305095dea9657e6adf9f339454d3ff018
game/units/Archer.json	4	978	15	0	root-fallback	48fd938e0593936c3c24845fa6f631e93c857d86016b8d50c9de09900ae71cc5
game/units/Archer.json	5	1250	20	0	root-fallback	221fd9e67d680bee55cff43aa32c5a2bb965596efd2615265b3ef02d08ba7f28
game/units/Archer.json	6	1519	47	0	root-fallback	1feb9ac4e0a88f7966a42b0b282d278e95286c1c06a3c17b34197ee37f821296
game/units/Archer.json	7	1794	53	0	root-fallback	ab864d48eeeb8c976ec790a685394891525c294126ef35bbece6a96db35de030
game/units/Archer.json	8	2066	67	1	keep	b473988742c31b029675fbcc6a485061a5d1ba14abb79b99b2b9740c32ffb08f
game/units/Archer.json	9	2333	97	30	keep	af69cc0c90cd10fc97f6fa1efb1cc6266e638c41140e1161ad09f48c5b63b512
game/units/Archer.json	10	2606	90	24	keep	a03c3f59e7e08dc612c6556eb074dd707942d53a473cbc763450c4a5f9bcce5f
game/units/Canon.json	1	179	8	0	root-fallback	68e3e48e3cb4e563b988e6a4f1494f7b2c5f7738a7809ba332756b56535cabdd
game/units/Canon.json	2	468	18	0	root-fallback	aa981da16ad5d9bfad912b1b27823a726abf2ae13fcbed8243de12914e346167
game/units/Canon.json	3	757	28	0	root-fallback	61ece39b5d504a6427f2ba4270dfc0a274dd1d7903fc16f91d152494f7943116
game/units/Canon.json	4	1051	46	0	root-fallback	98f95e36556674d3c02dbb9379e72c48acf986e7738760736008f2e8fa17008f
game/units/Canon.json	5	1344	60	0	root-fallback	636c8acdf10877ab642006fdff7f9256faaf6508e16ce4fa141ae3c23e95a9fb
game/units/Canon.json	6	1636	98	31	keep	2cf20932312e19f3cefd7d410e785ec6af003f745eb5782811d49d5e51de7b17
game/units/Canon.json	7	1933	78	12	keep	4daa45568acd3a3dbeabf9b27390e1a074581e27279244530cb2c59e07af5783
game/units/Canon.json	8	2243	83	17	keep	5e44890265254ab9855020b089ad5920bf9512ac4f75d63d327af95134fc05f7
game/units/Canon.json	9	2543	91	25	keep	fe917abedf4a2e7d3f30e1d941a8ae3afb18b69382f4b71f6d640e6ca5ce89b0
game/units/Cavalry.json	1	179	5	0	root-fallback	51beecc0a43df99389fc5e70adb74828924ac1216c11aba8ef27996d5ccbab2e
game/units/Cavalry.json	2	452	12	0	root-fallback	8cba8583d20ae1926bd1c027c4f91013bd014afc8622f36f9d93f5b9808c5587
game/units/Cavalry.json	3	719	14	0	root-fallback	2b8eae057eddeac64545669b386339aaadb1bdf609477647232fe6720f940d45
game/units/Cavalry.json	4	990	20	0	root-fallback	221fd9e67d680bee55cff43aa32c5a2bb965596efd2615265b3ef02d08ba7f28
game/units/Cavalry.json	5	1263	29	0	root-fallback	efc4abb4a228e30ae67bea1f90f7c7bc7ed37eaca44a87daf577e00ccfc34f0a
game/units/Cavalry.json	6	1530	38	0	root-fallback	611628e48980b3db3f08a736fa5c8351ee3b00f7bb3878613e63d90efd59559c
game/units/Cavalry.json	7	1804	49	0	root-fallback	b5d378ac8fe708b54dfc9fa2f0fadff911ebd1cade73b8a11fef189e67f02e89
game/units/Cavalry.json	8	2077	56	0	root-fallback	cecaab9ad2665063e05ebea381aed7c602604f093fb11beb32de6ace141f9491
game/units/Cavalry.json	9	2347	68	2	keep	f39aaafbce5edca291b15c292743cb09214c018080d4618163bcdf88376e1e44
game/units/Cavalry.json	10	2612	72	6	keep	bad5df69bbe22e6fef0088edcba0e01e5d077fdc4056de03bfe731c4b2093f8a
game/units/Cavalry.json	11	2883	74	8	keep	7ff6f2118df97274694822d3023250bdfcdd82ca658ab09ad15ba39d0efa6f47
game/units/Cavalry.json	12	3155	82	16	keep	b1957cf05eb9f640ab75523a26c8fb439e0f04c8c3a984c1f813d65960fb6930
game/units/Cavalry.json	13	3428	85	19	keep	dc9e9d30f1c3b1a220210ec52c2d28dc04a34f2746e6dc4849b7f64e260e3aae
game/units/Cavalry.json	14	3704	87	21	keep	875f4784375744dfdee88aa81e2ea9ad0cc3d0c27eaa6e5aa68cc14a6d24b32a
game/units/Cavalry.json	15	3976	94	28	keep	b0fad2d260bd0a1321c71e578fa3546815f37531e2519e141fd7de429ff8d6ea
game/units/Fighter.json	1	186	67	1	keep	b473988742c31b029675fbcc6a485061a5d1ba14abb79b99b2b9740c32ffb08f
game/units/Fighter.json	2	455	70	4	keep	846da01a422700885762b78ffd9a3d07ca893374756ac2500603bb3d1a22c54a
game/units/Fighter.json	3	730	80	14	keep	a49a41ba57182b951c39311988d153bdde2178fd75274966b579a4d2243e9a50
game/units/Fighter.json	4	1005	90	24	keep	a03c3f59e7e08dc612c6556eb074dd707942d53a473cbc763450c4a5f9bcce5f
game/units/Settler.json	1	202	-1	-1	unlocked	85833e877771e788c891f7c2e7a050333ba58ac80cdc439c740e2b031cc6b3e2
game/units/Spearmen.json	1	179	2	0	root-fallback	75f52480ec7122058288f28eab5c699ab1364598824e13ca4d88248d98349797
game/units/Spearmen.json	2	445	6	0	root-fallback	75cf0c70ef6a33ff5f3b5c8e7ea335abbf1bf3e5b5520329acd881e45b58f517
game/units/Spearmen.json	3	717	10	0	root-fallback	1e96eee8a8fe50af379d29c925262135501da9685e32967d6415e054f8dac8d0
game/units/Spearmen.json	4	985	13	0	root-fallback	824421542a28787900357bd2742824272a79d41045475bd6f0659282b06e36f9
game/units/Spearmen.json	5	1257	21	0	root-fallback	2ad85e528435294812e5c089b9f0c61044cbd6dc5d2f62dea089f3c07d8e43b8
game/units/Spearmen.json	6	1526	41	0	root-fallback	2e051cb57a2a09df19244be7e0bc415127802deee068098e4761d8a7b4c29b16
game/units/Spearmen.json	7	1795	50	0	root-fallback	49b070edfe6e1f88fc3893f406a6b501e77b4e847af711629c9d8d1eb2588d2c
game/units/Spearmen.json	8	2069	66	0	root-fallback	e278aa0a43d23d93926ded3a0a1073653d56e6b49d53b91eea560fe1ab36f7a5
game/units/Spearmen.json	9	2347	73	7	keep	6cee5db5d918906bbe4181bc919b921ce2bf19393456ed2724c3517b4ddae5ad
game/units/Spearmen.json	10	2632	84	18	keep	4e4ee58811b72bfe3fb81dc092b80786675cf0cc474c340c173c3de26ce0bc81
game/units/Spearmen.json	11	2918	93	27	keep	43fdc8e1583548247e3ac2724b8222e16a96a4ffd44b78536c31e2f1ed95e39c
game/units/Warior.json	1	178	-1	-1	unlocked	85833e877771e788c891f7c2e7a050333ba58ac80cdc439c740e2b031cc6b3e2
game/units/Warior.json	2	449	7	0	root-fallback	1a7831be5736f506289a9b65f4d65bb0f95cf28e025b4ea71d245da0ca7e3e02
game/units/Warior.json	3	723	11	0	root-fallback	56624eecf42962810a049295646af2827d406a371e749c862bcf4d2c9ff17d36
game/units/Warior.json	4	994	16	0	root-fallback	5364e44ac538b67092c4c1aeef908bf3b7bc3476ee9d8e2a03c7737fad24ac81
game/units/Warior.json	5	1270	21	0	root-fallback	2ad85e528435294812e5c089b9f0c61044cbd6dc5d2f62dea089f3c07d8e43b8
game/units/Warior.json	6	1540	27	0	root-fallback	1bdcf66ffb1b98594b255dbbf7c7b95e5ec244304db8240f47450fe283cdebcb
game/units/Warior.json	7	1814	40	0	root-fallback	547f5bd8fc11badb97ed51ee29ae2ec92d169bdc04f9a185906281a1fea447ca
game/units/Warior.json	8	2087	48	0	root-fallback	4118884af808c27f7f57ea33259dbf96cea7962a16cf45f4df330eba4b6b8240
game/units/Warior.json	9	2366	55	0	root-fallback	8c38ffb6ae993dc6b100874788ca14cf622603cbc67de4d1465e7f79da5ceeae
game/units/Warior.json	10	2647	63	0	root-fallback	deeb516298be7b9fcef11affadf092c49552ae8b0bab7395ddf1ce814d575004
game/units/Warior.json	11	2924	71	5	keep	1eae39033e8cf3676ac64e75bf7f8279cdb87ec0b63494382704a48d27208796
game/units/Warior.json	12	3194	78	12	keep	4daa45568acd3a3dbeabf9b27390e1a074581e27279244530cb2c59e07af5783
game/units/Warior.json	13	3470	81	15	keep	275e20d70f70d856d1ba446c6064ccada1174e75cb86749f5da6180c49cd0f5c
game/units/Warior.json	14	3747	92	26	keep	310781f4f986c84ebf5dc3051260801ca51e7a63f801f71111593b01b18331b2
