/tmp/w3a/smali	0
/tmp/w3a/smali/aoc/kingdoms/lukasz/jakowski/Player/More/PlayerFogOfWar.smali	7
/tmp/w3a/smali/aoc/kingdoms/lukasz/map/army/ArmyDivision.smali	1
/tmp/w3a/smali/aoc/kingdoms/lukasz/map/battles/AirDbgLog.smali	4
/tmp/w3a/smali/aoc/kingdoms/lukasz/map/battles/AirDefDiag.smali	0
/tmp/w3a/smali/aoc/kingdoms/lukasz/map/battles/AirDefense.smali	0
/tmp/w3a/smali/aoc/kingdoms/lukasz/map/battles/AirForceManager.smali	37
/tmp/w3a/smali/aoc/kingdoms/lukasz/map/battles/AirLat.smali	0
/tmp/w3a/smali/aoc/kingdoms/lukasz/map/battles/AirMission.smali	31
/tmp/w3a/smali/aoc/kingdoms/lukasz/map/battles/AirPosProbe.smali	0
/tmp/w3a/smali/aoc/kingdoms/lukasz/map/province/Province.smali	22
/tmp/w3a/smali/aoc/kingdoms/lukasz/map/province/ProvinceDrawArmy.smali	22
/tmp/w3a/smali/aoc/kingdoms/lukasz/menus/HoiBox.smali	0
/tmp/w3a/smali/aoc/kingdoms/lukasz/menus/HoiButton.smali	0
/tmp/w3a/smali/aoc/kingdoms/lukasz/menus/InitGame.smali	15
/tmp/w3a/smali/aoc/kingdoms/lukasz/menus/TnoBlock.smali	0
/tmp/w3a/smali/aoc/kingdoms/lukasz/menus/TnoButton.smali	0
/tmp/w3a/smali/aoc/kingdoms/lukasz/textures/Images.smali	0
